AppID; Name
1472030; MHW:I - Free Content Collection Pack
1390430; Monster Hunter World: Iceborne - Pendant: MH Riders - Kirin
1377530; Monster Hunter: World - The Handler's Chun-Li Costume
1371429; Monster Hunter World: Iceborne - MHW:I Monster Figure: Uragaan
1371428; Monster Hunter World: Iceborne - MHW:I Monster Figure: Lunastra
1371427; Monster Hunter World: Iceborne - MHW:I Monster Figure: Fatalis
1371426; Monster Hunter World: Iceborne - MHW:I Monster Figure: Alatreon
1371425; Monster Hunter World: Iceborne - MHW:I Monster Figure: Shara Ishvalda 2
1371424; Monster Hunter World: Iceborne - MHW:I Monster Figure: Shara Ishvalda 1
1371423; Monster Hunter World: Iceborne - MHW:I Monster Figure: Deviljho
1371422; Monster Hunter World: Iceborne - MHW:I Monster Figure: Bazelgeuse
1371421; Monster Hunter World: Iceborne - MHW:I Monster Figure: Kulve Taroth
1371420; Monster Hunter World: Iceborne - MHW:I Room Decor: Beotodus Skull
1371409; Monster Hunter World: Iceborne - Pendant: Meowscular Gains Chain
1371408; Monster Hunter World: Iceborne - Pendant: Beelzeboar
1371407; Monster Hunter World: Iceborne - Pendant: Heavenly Hog
1371406; Monster Hunter World: Iceborne - Pendant: Super-8 Mini (Player 2)
1371405; Monster Hunter World: Iceborne - Pendant: Super-8 Mini (Player 1)
1371404; Monster Hunter World: Iceborne - Pendant: Shocked Kulu-Ya-Ku
1371403; Monster Hunter World: Iceborne - Pendant: Blazing Glavenus Candle
1371402; Monster Hunter World: Iceborne - Pendant: Mechanical Silver Watch
1371401; Monster Hunter World: Iceborne - Pendant: Mechanical Gold Watch
1371400; Monster Hunter: World - The Handler's Cute Demoness Costume
1351861; Monster Hunter: World - Sticker Set: Street Fighter V
1351860; Monster Hunter: World - Gesture: Shoryuken!
1287083; Monster Hunter: World - Gesture: Hadoken!
1287082; Monster Hunter World: Iceborne - MHW:I Music Player: Additional BGM Set Vol. 7
1287081; Monster Hunter World: Iceborne - MHW:I Music Player: Additional BGM Set Vol. 6
1287076; Monster Hunter World: Iceborne - MHW:I Monster Figure: Downy Crakes & Aptonoths
1287075; Monster Hunter World: Iceborne - MHW:I Monster Figure: Lavasioth
1287074; Monster Hunter World: Iceborne - MHW:I Monster Figure: Brachydios
1287073; Monster Hunter World: Iceborne - MHW:I Monster Figure: Gajalakas & King Gajalaka
1287072; Monster Hunter World: Iceborne - MHW:I Monster Figure: Teostra
1287071; Monster Hunter World: Iceborne - MHW:I Monster Figure: Vaal Hazak
1287070; Monster Hunter World: Iceborne - MHW:I Monster Figure: Kirin
1287069; Monster Hunter World: Iceborne - MHW:I Monster Figure: Rajang
1287068; Monster Hunter World: Iceborne - MHW:I Monster Figure: Radobaan
1287067; Monster Hunter World: Iceborne - MHW:I Monster Figure: Odogaron
1287066; Monster Hunter World: Iceborne - MHW:I Monster Figure: Tigrex
1287065; Monster Hunter World: Iceborne - MHW:I Room Decor: Boaboa Set
1287064; Monster Hunter World: Iceborne - MHW:I Room Decor: Pukei-Pukei Set
1287063; Monster Hunter World: Iceborne - MHW:I Room Decor: Felyne Set
1287062; Monster Hunter World: Iceborne - MHW:I Room Decor: Poogie Set
1287061; Monster Hunter World: Iceborne - Pendant: Velkhana Snow Talisman
1287060; Monster Hunter World: Iceborne - Pendant: Dracophage Bugs
1287059; Monster Hunter World: Iceborne - Pendant: Fulgurbugs
1287058; Monster Hunter World: Iceborne - Pendant: Phantom Magenta Butterflies
1287057; Monster Hunter World: Iceborne - Pendant: Phantom Jade Butterflies
1287056; Monster Hunter World: Iceborne - Pendant: Phantom Azure Butterflies
1287055; Monster Hunter World: Iceborne - Pendant: Azure Crystal Knife
1287054; Monster Hunter World: Iceborne - Pendant: Amber Crystal Knife
1287053; Monster Hunter World: Iceborne - Pendant: Ruby Crystal Knife
1287052; Monster Hunter World: Iceborne - Pendant: Silver Heavenly Dragon
1287051; Monster Hunter World: Iceborne - Pendant: Gold Heavenly Dragon
1287050; Monster Hunter: World - The Handler's Festive Samba Costume
1265476; Monster Hunter World: Iceborne - Pendant: Rosegem Kulve Heart
1265475; Monster Hunter World: Iceborne - Pendant: Sapphire Kulve Heart
1265474; Monster Hunter World: Iceborne - Pendant: Topaz Kulve Heart
1265473; Monster Hunter World: Iceborne - Pendant: Crystal Kulve Heart
1265472; Monster Hunter World: Iceborne - Pendant: Ruby Kulve Heart
1265471; Monster Hunter World: Iceborne - Pendant: Emerald Kulve Heart
1265470; Monster Hunter World: Iceborne - Hairstyle: Wandering Samurai
1242779; Monster Hunter World: Iceborne - Hairstyle: Rath-a-like
1242778; Monster Hunter World: Iceborne - Hairstyle: Fluffy Mop
1242777; Monster Hunter World: Iceborne - Hairstyle: Half Ponytail
1242776; Monster Hunter World: Iceborne - MHW:I Music Player: Additional BGM Set Vol. 5
1242775; Monster Hunter World: Iceborne - MHW:I Music Player: Additional BGM Set Vol. 4
1242774; Monster Hunter World: Iceborne - MHW:I Monster Figure: Wulg
1242773; Monster Hunter World: Iceborne - MHW:I Monster Figure: Xeno'jiiva
1242772; Monster Hunter World: Iceborne - MHW:I Monster Figure: Safi'jiiva
1242771; Monster Hunter World: Iceborne - MHW:I Monster Figure: Diablos
1242770; Monster Hunter World: Iceborne - MHW:I Monster Figure: Barroth
1242769; Monster Hunter World: Iceborne - MHW:I Monster Figure: Jyuratodus
1242768; Monster Hunter World: Iceborne - MHW:I Monster Figure: Tzitzi-Ya-Ku
1242767; Monster Hunter World: Iceborne - MHW:I Monster Figure: Paolumu
1242766; Monster Hunter World: Iceborne - MHW:I Monster Figure: Namielle
1242765; Monster Hunter World: Iceborne - MHW:I Monster Figure: Girros & Great Girros
1242764; Monster Hunter World: Iceborne - MHW:I Monster Figure: Yian Garuga
1242763; Monster Hunter World: Iceborne - MHW:I Monster Figure: Zinogre
1242762; Monster Hunter World: Iceborne - MHW:I Room Decor: Mini Model Set
1242761; Monster Hunter World: Iceborne - MHW:I Room Decor: Lil' Bit of Glamour Decor Set
1242760; Monster Hunter World: Iceborne - MHW:I Room Decor: Splendid Decor Set
1242759; Monster Hunter World: Iceborne - Pendant: Rainbow Balloons
1242758; Monster Hunter World: Iceborne - Pendant: Red & White Balloons
1242757; Monster Hunter World: Iceborne - Pendant: Red Balloon
1242756; Monster Hunter World: Iceborne - Pendant: Flying Meduso Colony
1242755; Monster Hunter World: Iceborne - Pendant: Flying Meduso
1242754; Monster Hunter World: Iceborne - Pendant: Strollin' Nightshade
1242753; Monster Hunter World: Iceborne - Pendant: Strollin' Paolumu
1242752; Monster Hunter World: Iceborne - Pendant: Swinging Furious Rajang
1242751; Monster Hunter World: Iceborne - Pendant: Swinging Rajang
1242750; Monster Hunter World: Iceborne - Pendant: Coral Pukei Strap
1242749; Monster Hunter World: Iceborne - Pendant: Pukei Strap
1242748; Monster Hunter: World - Sticker Set: Friendly Greetings Set
1242747; Monster Hunter World: Iceborne - Hairstyle: The Tracker
1242746; Monster Hunter World: Iceborne - Hairstyle: Third Fleet Master
1242745; Monster Hunter World: Iceborne - Hairstyle: Serious Handler
1242744; Monster Hunter World: Iceborne - Hairstyle: The Seeker
1242743; Monster Hunter World: Iceborne - Hairstyle: Analytics Director
1242742; Monster Hunter World: Iceborne - Hairstyle: Excitable A-Lister
1242741; Monster Hunter World: Iceborne - Hairstyle: Commander
1242740; Monster Hunter: World - The Handler's Rose Vestido
1241300; Monster Hunter World: Iceborne - MHW:I Music Player: Additional BGM Set Vol. 3
1241299; Monster Hunter World: Iceborne - MHW:I Music Player: Additional BGM Set Vol. 2
1241298; Monster Hunter World: Iceborne - MHW:I Monster Figure: Kulu-Ya-Ku
1241297; Monster Hunter World: Iceborne - MHW:I Monster Figure: Rathian
1241296; Monster Hunter World: Iceborne - MHW:I Monster Figure: Glavenus
1241295; Monster Hunter World: Iceborne - MHW:I Monster Figure: Grimalkyne
1241294; Monster Hunter World: Iceborne - MHW:I Monster Figure: Pukei-Pukei
1241293; Monster Hunter World: Iceborne - MHW:I Monster Figure: Nargacuga
1241292; Monster Hunter World: Iceborne - MHW:I Monster Figure: Beotodus
1241291; Monster Hunter World: Iceborne - MHW:I Monster Figure: Legiana
1241290; Monster Hunter World: Iceborne - MHW:I Monster Figure: Velkhana
1241289; Monster Hunter World: Iceborne - MHW:I Special Monster Figure: Grand Appreciation Fest
1241288; Monster Hunter World: Iceborne - MHW: I Room Decor: Lighting Set
1241287; Monster Hunter World: Iceborne - MHW:I Room Decor: Intimate Decor Set
1241286; Monster Hunter World: Iceborne - Pendant: Moly Pendant - Peace
1241285; Monster Hunter World: Iceborne - Pendant: Moly Pendant - Passion
1241284; Monster Hunter World: Iceborne - Pendant: Moly Pendant - Protection
1241283; Monster Hunter World: Iceborne - Pendant: Moly Pendant - Love
1241282; Monster Hunter World: Iceborne - Pendant: Moly Pendant - Safety
1241281; Monster Hunter World: Iceborne - Pendant: Moly Pendant - Health
1241280; Monster Hunter World: Iceborne - Pendant: Moly Pendant - Luck
1241279; Monster Hunter World: Iceborne - Pendant: Orange Felyne Teddy
1241278; Monster Hunter World: Iceborne - Pendant: Mint Felyne Teddy
1241277; Monster Hunter World: Iceborne - Pendant: Grape Felyne Teddy
1241276; Monster Hunter World: Iceborne - Pendant: Pink Felyne Teddy
1241275; Monster Hunter World: Iceborne - Pendant: White Felyne Teddy
1241274; Monster Hunter World: Iceborne - Pendant: Stuffed Melynx Teddy
1241273; Monster Hunter World: Iceborne - Pendant: Stuffed Felyne Teddy
1241272; Monster Hunter: World - Sticker Set: Lynian Set
1241271; Monster Hunter: World - Pose Set: Weapon Pose (3)
1241270; Monster Hunter: World - MHW:I Gesture Pack: Hype Up Set
1241269; Monster Hunter: World - MHW:I Gesture Pack: Clean Dance Set
1241268; Monster Hunter: World - MHW:I Gesture Pack: Swag Dance Set
1241267; Monster Hunter World: Iceborne - Hairstyle: Long & Wavy
1241266; Monster Hunter World: Iceborne - Hairstyle: Short Bob
1241265; Monster Hunter World: Iceborne - Hairstyle: Pleasant Ponytail
1241264; Monster Hunter World: Iceborne - Hairstyle: Great Mohawk
1241263; Monster Hunter World: Iceborne - Hairstyle: Semi-long Up
1241262; Monster Hunter World: Iceborne - Hairstyle: Light & Wavy
1241261; Monster Hunter World: Iceborne - Hairstyle: Hime Cut
1241260; Monster Hunter World: Iceborne - Hairstyle: Artful Buzz
1211209; Monster Hunter World: Iceborne - Hairstyle: Mysterious Samurai
1211208; Monster Hunter World: Iceborne - Hairstyle: Wild Pompadour
1211207; Monster Hunter: World - The Handler's Techno Handler Costume
1211206; Monster Hunter: World - The Handler's Graceful Short Dress
1211205; Monster Hunter World: Iceborne - MHW:I Music Player: Raccoon City Collaboration - Black Impact
1211204; Monster Hunter World: Iceborne - MHW:I Monster Figure: Boaboa
1211203; Monster Hunter World: Iceborne - MHW:I Monster Figure: Banbaro
1211202; Monster Hunter World: Iceborne - MHW:I Monster Figure: Barioth
1211201; Monster Hunter World: Iceborne - MHW:I Monster Figure: Tobi-Kadachi
1211200; Monster Hunter World: Iceborne - MHW:I Monster Figure: Anjanath
1211179; Monster Hunter World: Iceborne - MHW:I Monster Figure: Rathalos
1211178; Monster Hunter World: Iceborne - MHW:I Monster Figure: Dodogama
1211177; Monster Hunter World: Iceborne - MHW:I Monster Figure: Kushala Daora
1211176; Monster Hunter World: Iceborne - MHW:I Monster Figure: Nergigante
1211175; Monster Hunter: World - Sticker Set: Raccoon City Set
1211174; Monster Hunter: World - The Handler's Tyrant Costume
1211173; Monster Hunter World: Iceborne - MHW:I Music Player: Additional BGM Set Vol. 1
1211172; Monster Hunter World: Iceborne - MHW:I Monster Figure: Great Jagras
1211171; Monster Hunter World: Iceborne - MHW:I Room Decor: Giant Stuffed Doll Set
1211170; Monster Hunter World: Iceborne - MHW:I Room Decor: Cute Decor Set
1118029; Monster Hunter World: Iceborne - MHW:I Sticker Set: Iceborne Monsters Set
1118026; Monster Hunter: World - The Handler's Kokoto Gal's Costume
1118025; Monster Hunter: World - Pose Set: Unique
1118024; Monster Hunter: World - Pose Set: Crouching
1118023; Monster Hunter: World - Sticker Set: Monster Statuses Set
1118022; Monster Hunter: World - Sticker Set: Hunter Items Set
1118021; Monster Hunter World: Iceborne - Yukumo Layered Armor Set
1118019; Monster Hunter: World - Character & Palico Edit Voucher: Three-Voucher Pack
1118018; Monster Hunter: World - Character & Palico Edit Voucher: Two-Voucher Pack
1118017; Monster Hunter: World - Character & Palico Edit Voucher: Single Voucher
1118015; Monster Hunter: World - Palico Edit Voucher: Three-Voucher Pack
1118014; Monster Hunter: World - Palico Edit Voucher: Two-Voucher Pack
1118013; Monster Hunter: World - Palico Edit Voucher: Single Voucher
1118012; Monster Hunter World: Iceborne Deluxe Kit
1118011; SteamDB Unknown App 1118011 (MONSTER HUNTER: WORLD Depot2)
1118010; Monster Hunter World: Iceborne
996742; Monster Hunter: World - Sticker Set: Monsters of the New World
996741; Monster Hunter: World - Sticker Set: Celestial Pursuit Girls
996740; Monster Hunter: World - Free Gesture: Happy Hunting!
996721; Monster Hunter: World - Gesture: Step Dance
996720; Monster Hunter: World - Gesture: Pop Star Dance
974302; Monster Hunter: World - Free Sticker Set: Mingle Hunter
974301; Monster Hunter: World - Gesture: Cool Dance
974300; Monster Hunter: World - Gesture: Hip Hop Dance
960781; Monster Hunter: World - High Resolution Texture Pack
896580; Monster Hunter: World - Additional Gesture Bundle 1
891730; Monster Hunter: World - Deluxe Kit
861872; Monster Hunter: World - Character Edit Voucher: Three-Voucher Pack
861871; Monster Hunter: World - Character Edit Voucher: Two-Voucher Pack
861870; Monster Hunter: World - Character Edit Voucher: Single Voucher
770977; Monster Hunter: World - Free Character Edit Voucher
770976; Monster Hunter: World - The Handler's Friendly Felyne Costume
770975; Monster Hunter: World - The Handler's Winter Spirit Coat
770974; Monster Hunter: World - The Handler's Mischievous Dress
770973; Monster Hunter: World - The Handler's Sunshine Pareo
770972; Monster Hunter: World - The Handler's Busy Bee Dress
770970; Monster Hunter: World - The Handler's Astera 3 Star Chef Coat
763699; Monster Hunter: World - The Handler's Guildmarm Costume
763698; Monster Hunter: World - Hairstyle: The Admiral
763697; Monster Hunter: World - Hairstyle: The Handler
763696; Monster Hunter: World - Hairstyle: Field Team Leader
763695; Monster Hunter: World - Hairstyle: Provisions Manager
763694; Monster Hunter: World - Hairstyle: Topknot
763693; Monster Hunter: World - Face Paint: Eye Shadow
763692; Monster Hunter: World - Face Paint: Heart Shape
763691; Monster Hunter: World - Face Paint: Shade Pattern
763690; Monster Hunter: World - Face Paint: Wyvern
762919; Monster Hunter: World - Sticker Set: Mega Man Set
762918; Monster Hunter: World - Sticker Set: Devil May Cry Set
762916; Monster Hunter: World - Sticker Set: Research Commission Set
762915; Monster Hunter: World - Sticker Set: Classic Monsters Set
762914; Monster Hunter: World - Sticker Set: Endemic Life Set
762913; Monster Hunter: World - Sticker Set: Guild Lasses Set
762912; Monster Hunter: World - Sticker Set: Poogie Set
762911; Monster Hunter: World - Sticker Set: Sir Loin Set
762910; Monster Hunter: World - Sticker Set: MH All-Stars Set
762179; Monster Hunter: World - Gesture: Squat Day
762178; Monster Hunter: World - Gesture: Disco Fever
762177; Monster Hunter: World - Gesture: Windmill Whirlwind
762176; Monster Hunter: World - Gesture: Spirit Fingers
762174; Monster Hunter: World - Gesture: Devil May Cry Dual Guns
762171; Monster Hunter: World - Classic Gesture: Clap
762170; Monster Hunter: World - Classic Gesture: Rant
761599; Monster Hunter: World - Classic Gesture: Prance
761598; Monster Hunter: World - Classic Gesture: Dance
761597; Monster Hunter: World - Gesture: Kneel
761596; Monster Hunter: World - Gesture: Sleep
761595; Monster Hunter: World - Gesture: Kowtow
761594; Monster Hunter: World - Gesture: Play Possum
761593; Monster Hunter: World - Gesture: Interpretive Dance
761592; Monster Hunter: World - Gesture: Gallivanting Dance
761591; Monster Hunter: World - Gesture: Feverish Dance
761590; Monster Hunter: World - Gesture: Air Splits
759455; Monster Hunter: World - Gesture: Spin-O-Rama
759454; Monster Hunter: World - Gesture: Passionate
759453; Monster Hunter: World - Gesture: Sumo Slap
759452; Monster Hunter: World - Gesture: Ninja Star
759451; Monster Hunter: World - Gesture: Zen
759450; Monster Hunter: World - Samurai Set
743980; Monster Hunter: World - Fair Wind Charm
601100; Monster Hunter: World - Origin Armor Set